{
  "Modules": {
    "AutoAnvil": 0,
    "AutoArmor": 0,
    "AutoCrystalGS": 46,
    "AutoTotem": 0,
    "AutoTrap": 6,
    "AutoWeb": 0,
    "BedAura": 0,
    "Blocker": 0,
    "FastBow": 0,
    "HoleFill": 0,
    "KillAura": 0,
    "OffhandCrystal": 0,
    "OffhandGap": 0,
    "PistonCrystal": 0,
    "SelfTrap": 0,
    "SelfWeb": 0,
    "Surround": 210,
    "CoordExploit": 0,
    "FastBreak": 0,
    "LiquidInteract": 0,
    "NoInteract": 0,
    "NoSwing": 0,
    "Reach": 0,
    "PacketEat": 0,
    "PacketXP": 0,
    "PortalGodmode": 0,
    "Anchor": 0,
    "Blink": 0,
    "HoleTP": 0,
    "PlayerTweaks": 0,
    "ReverseStep": 0,
    "Speed": 0,
    "Sprint": 0,
    "Step": 0,
    "Announcer": 0,
    "AutoGG": 0,
    "AutoReply": 0,
    "AutoTool": 0,
    "ChatModifier": 0,
    "ChatSuffix": 0,
    "DiscordRPC": 0,
    "FastPlace": 0,
    "FakePlayer": 205,
    "HoosiersDupe": 27,
    "HotbarRefill": 0,
    "MCF": 0,
    "MultiTask": 0,
    "NoEntityTrace": 0,
    "NoKick": 0,
    "PvPInfo": 0,
    "BlockHighlight": 0,
    "BreakESP": 0,
    "Capes": 0,
    "Chams": 0,
    "CityESP": 0,
    "ESP": 0,
    "Freecam": 0,
    "Fullbright": 0,
    "HitSpheres": 43,
    "HoleESP": 0,
    "LogoutSpots": 0,
    "Nametags": 0,
    "NoRender": 0,
    "RenderTweaks": 0,
    "ShulkerViewer": 0,
    "SkyColor": 0,
    "Tracers": 0,
    "ViewModel": 0,
    "VoidESP": 0,
    "ArmorHUD": 0,
    "ArrayList": 0,
    "CombatInfo": 0,
    "InventoryViewer": 0,
    "Notifications": 0,
    "PotionEffects": 0,
    "Radar": 0,
    "TabGUI": 0,
    "TargetHUD": 0,
    "TargetInfo": 0,
    "TextRadar": 0,
    "Watermark": 0,
    "Welcomer": 0,
    "ClickGUI": 24,
    "Colors": 0,
    "HUDEditor": 55
  }
}