{
  "Panels": {
    "ArrayList": {
      "PosX": 956,
      "PosY": 167,
      "State": true
    },
    "CombatInfo": {
      "PosX": 280,
      "PosY": 16,
      "State": true
    },
    "InventoryViewer": {
      "PosX": 795,
      "PosY": 483,
      "State": false
    },
    "Notifications": {
      "PosX": 219,
      "PosY": 12,
      "State": true
    },
    "PotionEffects": {
      "PosX": 711,
      "PosY": 121,
      "State": true
    },
    "Radar": {
      "PosX": 612,
      "PosY": 18,
      "State": false
    },
    "TabGUI": {
      "PosX": 809,
      "PosY": 17,
      "State": false
    },
    "TargetHUD": {
      "PosX": 791,
      "PosY": 122,
      "State": false
    },
    "TargetInfo": {
      "PosX": 749,
      "PosY": 405,
      "State": false
    },
    "TextRadar": {
      "PosX": 1,
      "PosY": 346,
      "State": false
    },
    "Watermark": {
      "PosX": -5,
      "PosY": 7,
      "State": true
    },
    "Welcomer": {
      "PosX": 441,
      "PosY": 37,
      "State": false
    },
    "Combat": {
      "PosX": 10,
      "PosY": 0,
      "State": true
    },
    "Exploits": {
      "PosX": 120,
      "PosY": 0,
      "State": true
    },
    "Movement": {
      "PosX": 230,
      "PosY": 0,
      "State": true
    },
    "Misc": {
      "PosX": 340,
      "PosY": 0,
      "State": true
    },
    "Render": {
      "PosX": 450,
      "PosY": 0,
      "State": true
    },
    "HUD": {
      "PosX": 560,
      "PosY": 0,
      "State": true
    },
    "GUI": {
      "PosX": 670,
      "PosY": 0,
      "State": true
    }
  }
}