{
  "Modules": {
    "AutoAnvil": true,
    "AutoArmor": true,
    "AutoCrystalGS": true,
    "AutoTotem": true,
    "AutoTrap": true,
    "AutoWeb": true,
    "BedAura": true,
    "Blocker": true,
    "FastBow": true,
    "HoleFill": true,
    "KillAura": true,
    "OffhandCrystal": true,
    "OffhandGap": true,
    "PistonCrystal": true,
    "SelfTrap": true,
    "SelfWeb": true,
    "Surround": true,
    "CoordExploit": true,
    "FastBreak": true,
    "LiquidInteract": true,
    "NoInteract": true,
    "NoSwing": true,
    "Reach": true,
    "PacketEat": true,
    "PacketXP": true,
    "PortalGodmode": true,
    "Anchor": true,
    "Blink": true,
    "HoleTP": true,
    "PlayerTweaks": true,
    "ReverseStep": true,
    "Speed": true,
    "Sprint": true,
    "Step": true,
    "Announcer": true,
    "AutoGG": true,
    "AutoReply": true,
    "AutoTool": true,
    "ChatModifier": true,
    "ChatSuffix": true,
    "DiscordRPC": false,
    "FastPlace": true,
    "FakePlayer": true,
    "HoosiersDupe": true,
    "HotbarRefill": true,
    "MCF": true,
    "MultiTask": true,
    "NoEntityTrace": true,
    "NoKick": true,
    "PvPInfo": true,
    "BlockHighlight": true,
    "BreakESP": true,
    "Capes": false,
    "Chams": true,
    "CityESP": true,
    "ESP": true,
    "Freecam": true,
    "Fullbright": true,
    "HitSpheres": true,
    "HoleESP": true,
    "LogoutSpots": true,
    "Nametags": true,
    "NoRender": true,
    "RenderTweaks": true,
    "ShulkerViewer": true,
    "SkyColor": true,
    "Tracers": true,
    "ViewModel": true,
    "VoidESP": true,
    "ArmorHUD": true,
    "ArrayList": true,
    "CombatInfo": true,
    "InventoryViewer": true,
    "Notifications": true,
    "PotionEffects": true,
    "Radar": true,
    "TabGUI": true,
    "TargetHUD": true,
    "TargetInfo": true,
    "TextRadar": true,
    "Watermark": true,
    "Welcomer": true,
    "ClickGUI": false,
    "Colors": false,
    "HUDEditor": false
  }
}