{
  "Modules": {
    "AutoAnvil": false,
    "AutoArmor": false,
    "AutoCrystalGS": false,
    "AutoTotem": true,
    "AutoTrap": false,
    "AutoWeb": false,
    "BedAura": false,
    "Blocker": false,
    "FastBow": false,
    "HoleFill": false,
    "KillAura": false,
    "OffhandCrystal": true,
    "OffhandGap": false,
    "PistonCrystal": false,
    "SelfTrap": false,
    "SelfWeb": false,
    "Surround": false,
    "CoordExploit": false,
    "FastBreak": false,
    "LiquidInteract": false,
    "NoInteract": false,
    "NoSwing": false,
    "Reach": false,
    "PacketEat": false,
    "PacketXP": false,
    "PortalGodmode": false,
    "Anchor": false,
    "Blink": false,
    "HoleTP": true,
    "PlayerTweaks": true,
    "ReverseStep": false,
    "Speed": false,
    "Sprint": false,
    "Step": false,
    "Announcer": false,
    "AutoGG": true,
    "AutoReply": false,
    "AutoTool": false,
    "ChatModifier": false,
    "ChatSuffix": false,
    "DiscordRPC": true,
    "FastPlace": true,
    "FakePlayer": false,
    "HoosiersDupe": false,
    "HotbarRefill": false,
    "MCF": false,
    "MultiTask": true,
    "NoEntityTrace": false,
    "NoKick": true,
    "PvPInfo": false,
    "BlockHighlight": false,
    "BreakESP": false,
    "Capes": false,
    "Chams": true,
    "CityESP": true,
    "ESP": false,
    "Freecam": false,
    "Fullbright": false,
    "HitSpheres": false,
    "HoleESP": false,
    "LogoutSpots": true,
    "Nametags": true,
    "NoRender": true,
    "RenderTweaks": false,
    "ShulkerViewer": true,
    "SkyColor": false,
    "Tracers": true,
    "ViewModel": false,
    "VoidESP": false,
    "ArmorHUD": false,
    "ArrayList": true,
    "CombatInfo": true,
    "InventoryViewer": false,
    "Notifications": true,
    "PotionEffects": true,
    "Radar": false,
    "TabGUI": false,
    "TargetHUD": false,
    "TargetInfo": false,
    "TextRadar": false,
    "Watermark": true,
    "Welcomer": false,
    "ClickGUI": false,
    "Colors": false,
    "HUDEditor": false
  }
}