[
  {
    "CPacketAnimation": false,
    "CPacketChatMessage": false,
    "CPacketClickWindow": false,
    "CPacketClientSettings": false,
    "CPacketClientStatus": false,
    "CPacketCloseWindow": false,
    "CPacketConfirmTeleport": false,
    "CPacketConfirmTransaction": false,
    "CPacketCreativeInventoryAction": false,
    "CPacketCustomPayload": false,
    "CPacketEnchantItem": false,
    "CPacketEncryptionResponse": false,
    "CPacketEntityAction": false,
    "CPacketHeldItemChange": false,
    "CPacketInput": false,
    "CPacketKeepAlive": false,
    "CPacketLoginStart": false,
    "CPacketPlaceRecipe": false,
    "CPacketPlayer": false,
    "CPacketPlayerAbilities": false,
    "CPacketPlayerDigging": false,
    "CPacketPlayerTryUseItem": false,
    "CPacketPlayerTryUseItemOnBlock": false,
    "CPacketRecipeInfo": false,
    "CPacketResourcePackStatus": false,
    "CPacketSeenAdvancements": false,
    "CPacketSpectate": false,
    "CPacketSteerBoat": false,
    "CPacketTabComplete": false,
    "CPacketUpdateSign": false,
    "CPacketUseEntity": false,
    "CPacketVehicleMove": false,
    "SPacketAdvancementInfo": false,
    "SPacketAnimation": false,
    "SPacketBlockAction": false,
    "SPacketBlockBreakAnim": false,
    "SPacketBlockChange": false,
    "SPacketCamera": false,
    "SPacketChangeGameState": false,
    "SPacketChat": false,
    "SPacketChunkData": false,
    "SPacketCloseWindow": false,
    "SPacketCollectItem": false,
    "SPacketCombatEvent": false,
    "SPacketConfirmTransaction": false,
    "SPacketCooldown": false,
    "SPacketCustomPayload": false,
    "SPacketDestroyEntities": false,
    "SPacketDisconnect": false,
    "SPacketDisplayObjective": false,
    "SPacketEffect": false,
    "SPacketEnableCompression": false,
    "SPacketEncryptionRequest": false,
    "SPacketEntity": false,
    "SPacketEntityAttach": false,
    "SPacketEntityEffect": false,
    "SPacketEntityEquipment": false,
    "SPacketEntityHeadLook": false,
    "SPacketEntityMetadata": false,
    "SPacketEntityProperties": false,
    "SPacketEntityStatus": false,
    "SPacketEntityTeleport": false,
    "SPacketEntityVelocity": false,
    "SPacketExplosion": false,
    "SPacketHeldItemChange": false,
    "SPacketJoinGame": false,
    "SPacketKeepAlive": false,
    "SPacketLoginSuccess": false,
    "SPacketMaps": false,
    "SPacketMoveVehicle": false,
    "SPacketMultiBlockChange": false,
    "SPacketOpenWindow": false,
    "SPacketParticles": false,
    "SPacketPlaceGhostRecipe": false,
    "SPacketPlayerAbilities": false,
    "SPacketPlayerListHeaderFooter": false,
    "SPacketPlayerListItem": false,
    "SPacketPlayerPosLook": false,
    "SPacketRecipeBook": false,
    "SPacketRemoveEntityEffect": false,
    "SPacketResourcePackSend": false,
    "SPacketRespawn": false,
    "SPacketScoreboardObjective": false,
    "SPacketSelectAdvancementsTab": false,
    "SPacketServerDifficulty": false,
    "SPacketSetExperience": false,
    "SPacketSetPassengers": false,
    "SPacketSetSlot": false,
    "SPacketSignEditorOpen": false,
    "SPacketSoundEffect": false,
    "SPacketSpawnExperienceOrb": false,
    "SPacketSpawnGlobalEntity": false,
    "SPacketSpawnMob": false,
    "SPacketSpawnObject": false,
    "SPacketSpawnPainting": false,
    "SPacketSpawnPlayer": false,
    "SPacketSpawnPosition": false,
    "SPacketStatistics": false,
    "SPacketTabComplete": false,
    "SPacketTeams": false,
    "SPacketTimeUpdate": false,
    "SPacketTitle": false,
    "SPacketUnloadChunk": false,
    "SPacketUpdateBossInfo": false,
    "SPacketUpdateHealth": false,
    "SPacketUpdateScore": false,
    "SPacketUpdateTileEntity": false,
    "SPacketUseBed": false,
    "SPacketWindowItems": false,
    "SPacketWindowProperty": false,
    "SPacketWorldBorder": false
  }
]