{
  "Module": "AutoCrystalGS",
  "Settings": {
    "Target": "All",
    "Hand": "Main",
    "Type": "Swing",
    "Break": true,
    "Place": true,
    "AttackSpeed": 20,
    "HitRange": 10.0,
    "PlaceRange": 6.0,
    "WallsRange": 10.0,
    "EnemyRange": 16.0,
    "AntiWeakness": false,
    "AntiSuicide": false,
    "MinHealth": 36,
    "Switch": false,
    "NoGapSwitch": false,
    "MultiPlace": true,
    "1.13Place": true,
    "CancelCrystal": false,
    "MinDamage": 8.363636363636363,
    "MinBreakDmg": 12.0,
    "MaxSelfDmg": 16.909090909090907,
    "FacePlaceHP": 36,
    "Rotate": true,
    "SpoofAngles": false,
    "Raytrace": false,
    "RenderDmg": true,
    "ChatMsgs": true,
    "HUD": "Mode",
    "Color": 16842496
  }
}