{
  "Module": "PistonCrystal",
  "Settings": {
    "Type": "Swing",
    "Place": "Torch",
    "Target": "Nearest",
    "Range": 4.9,
    "TorchRange": 5.5,
    "CenterBreak": 0.1,
    "BlocksPerTick": 4,
    "SurroundDelay": 4,
    "StartDelay": 0,
    "PistonDelay": 2,
    "CrystalDelay": 2,
    "MidHitDelay": 5,
    "HitDelay": 2,
    "StuckCheck": 35,
    "MaxY": 3,
    "TrapPlayer": true,
    "Rotate": false,
    "NoGlitchBreak": true,
    "NoGlitchPlace": true,
    "CheapMode": false,
    "BetterPlace": true,
    "BypassObsidian": false,
    "AntiWeakness": false,
    "DebugMode": false,
    "SpeedMeter": false,
    "ChatMsgs": true
  }
}