[
  {
    "name": "FeatureList",
    "toggled": true,
    "x": 870,
    "y": 1,
    "snap-point": "TOP_RIGHT",
    "color": "-16711681",
    "rainbow": "true",
    "metadata": "true"
  },
  {
    "name": "Hunger",
    "toggled": false,
    "x": 100,
    "y": 100,
    "snap-point": "none",
    "color": "-16711681",
    "rainbow": "true"
  },
  {
    "name": "PlayerView",
    "toggled": false,
    "x": 100,
    "y": 100,
    "snap-point": "none",
    "scale": "1.0"
  },
  {
    "name": "Durability",
    "toggled": false,
    "x": 100,
    "y": 100,
    "snap-point": "none",
    "color": "-16711681",
    "rainbow": "true"
  },
  {
    "name": "Keystrokes",
    "toggled": true,
    "x": 102,
    "y": 1,
    "snap-point": "none",
    "scale": "0.32",
    "mousebuttons": "false",
    "spacebutton": "true",
    "color": "-16711681",
    "rainbow": "true"
  },
  {
    "name": "PotionEffects",
    "toggled": false,
    "x": 100,
    "y": 100,
    "snap-point": "none",
    "color": "-16711681",
    "rainbow": "true"
  },
  {
    "name": "Armor",
    "toggled": false,
    "x": 100,
    "y": 100,
    "snap-point": "none",
    "percentage": "false",
    "axis": "X"
  },
  {
    "name": "Direction",
    "toggled": false,
    "x": 100,
    "y": 100,
    "snap-point": "none",
    "yaw": "true",
    "pitch": "true",
    "facing": "true",
    "axis": "X",
    "color": "-16711681",
    "rainbow": "true"
  },
  {
    "name": "IP",
    "toggled": true,
    "x": 2,
    "y": 139,
    "snap-point": "none",
    "color": "-16711681",
    "rainbow": "true"
  },
  {
    "name": "PlayerCount",
    "toggled": true,
    "x": 2,
    "y": 152,
    "snap-point": "none",
    "color": "-16711681",
    "rainbow": "true"
  },
  {
    "name": "BindList",
    "toggled": true,
    "x": 2,
    "y": 228,
    "snap-point": "none",
    "color": "-65536",
    "rainbow": "false"
  },
  {
    "name": "Saturation",
    "toggled": false,
    "x": 357,
    "y": 229,
    "snap-point": "none",
    "color": "-16711681",
    "rainbow": "true"
  },
  {
    "name": "Memory",
    "toggled": false,
    "x": 64,
    "y": 295,
    "snap-point": "none",
    "color": "-16711681",
    "rainbow": "true"
  },
  {
    "name": "Ping",
    "toggled": false,
    "x": 100,
    "y": 100,
    "snap-point": "none",
    "color": "-16711681",
    "rainbow": "true"
  },
  {
    "name": "Time",
    "toggled": true,
    "x": 1,
    "y": 129,
    "snap-point": "none",
    "format": "TWELVE",
    "seconds": "true",
    "am/pm": "true",
    "label": "false",
    "color": "-16711681",
    "rainbow": "true"
  },
  {
    "name": "TabGui",
    "toggled": false,
    "x": 108,
    "y": 86,
    "snap-point": "none",
    "useenter": "true",
    "color": "-16711681",
    "rainbow": "true"
  },
  {
    "name": "TPS",
    "toggled": false,
    "x": 100,
    "y": 100,
    "snap-point": "none",
    "color": "-16711681",
    "rainbow": "true"
  },
  {
    "name": "Speed",
    "toggled": false,
    "x": 401,
    "y": 224,
    "snap-point": "none",
    "measurement": "BPS",
    "color": "-16711681",
    "rainbow": "true"
  },
  {
    "name": "ServerBrand",
    "toggled": false,
    "x": 100,
    "y": 100,
    "snap-point": "none",
    "color": "-16711681",
    "rainbow": "true"
  },
  {
    "name": "FPS",
    "toggled": true,
    "x": 919,
    "y": 436,
    "snap-point": "none",
    "frameupdate": "true",
    "color": "-16711681",
    "rainbow": "true"
  },
  {
    "name": "Position",
    "toggled": true,
    "x": 52,
    "y": 528,
    "snap-point": "none",
    "axis": "X",
    "color": "-16711681",
    "rainbow": "true"
  },
  {
    "name": "Inventory",
    "toggled": true,
    "x": 783,
    "y": 462,
    "snap-point": "BOTTOM_RIGHT",
    "texture": "FULL"
  },
  {
    "name": "EntityList",
    "toggled": false,
    "x": 100,
    "y": 200,
    "snap-point": "none",
    "max": "9",
    "color": "-16711681",
    "rainbow": "true"
  },
  {
    "name": "Biome",
    "toggled": true,
    "x": 0,
    "y": 118,
    "snap-point": "none",
    "color": "-16711681",
    "rainbow": "true"
  },
  {
    "name": "Manager",
    "toggled": true,
    "x": 532,
    "y": 124,
    "snap-point": "none"
  },
  {
    "name": "Watermark",
    "toggled": true,
    "x": 1,
    "y": 1,
    "snap-point": "TOP_LEFT",
    "color": "-16711681",
    "rainbow": "true"
  }
]