[
  {
    "name": "2b2tRestartNotify",
    "toggled": true,
    "bind": "NONE",
    "visible": true
  },
  {
    "name": "AimAssist",
    "toggled": false,
    "bind": "NONE",
    "visible": true,
    "range": "3.0"
  },
  {
    "name": "Announcer",
    "toggled": false,
    "bind": "NONE",
    "visible": true,
    "clientside": "false",
    "others": "true",
    "walking": "true",
    "break": "true",
    "place": "true",
    "pickup": "true",
    "xp": "true",
    "eating": "true",
    "drinking": "true",
    "time": "true"
  },
  {
    "name": "AntiAFK",
    "toggled": false,
    "bind": "NONE",
    "visible": true,
    "delay": "20.0",
    "focusedcheck": "false",
    "jump": "true",
    "swing": "true",
    "chat": "true",
    "rotate": "true",
    "sneak": "true",
    "move": "true"
  },
  {
    "name": "AntiAim",
    "toggled": false,
    "bind": "NONE",
    "visible": true,
    "yaw": "CUSTOM",
    "pitch": "CUSTOM",
    "customyaw": "229.09",
    "custompitch": "90.0"
  },
  {
    "name": "AntiBan",
    "toggled": false,
    "bind": "NONE",
    "visible": true
  },
  {
    "name": "AntiBot",
    "toggled": false,
    "bind": "NONE",
    "visible": true
  },
  {
    "name": "AntiDeathScreen",
    "toggled": false,
    "bind": "NONE",
    "visible": true
  },
  {
    "name": "AntiHunger",
    "toggled": false,
    "bind": "NONE",
    "visible": true
  },
  {
    "name": "AntiLevitation",
    "toggled": false,
    "bind": "NONE",
    "visible": true,
    "mode": "REMOVE"
  },
  {
    "name": "AntiPacket",
    "toggled": false,
    "bind": "NONE",
    "visible": true,
    "debug": "false"
  },
  {
    "name": "ArmorAlert",
    "toggled": false,
    "bind": "NONE",
    "visible": true,
    "render": "true",
    "chat": "true",
    "private": "true",
    "self": "true",
    "others": "true",
    "friends": "true",
    "nolongerlow alert": "false",
    "threshold": "50"
  },
  {
    "name": "Aura",
    "toggled": false,
    "bind": "NONE",
    "visible": true,
    "reach": "4.0",
    "friendprotect": "true",
    "hitdelay": "true",
    "autoblock": "true",
    "weaponcheck": "false",
    "tps sync": "true",
    "rotations": "true",
    "disableondeath": "true",
    "ignorecreative": "true",
    "players": "true",
    "hostiles": "true",
    "passives": "false",
    "neutrals": "false",
    "vehicles": "false",
    "projectiles": "true",
    "invisibles": "false"
  },
  {
    "name": "AutoAccept",
    "toggled": false,
    "bind": "NONE",
    "visible": true,
    "deny": "true",
    "friends": "true",
    "tpa": "true",
    "duels": "true"
  },
  {
    "name": "AutoArmor",
    "toggled": false,
    "bind": "NONE",
    "visible": true,
    "blastprot priority": "true",
    "elytra priority": "false",
    "open inventory": "false",
    "delay": "1.0"
  },
  {
    "name": "AutoCrystal",
    "toggled": false,
    "bind": "G",
    "visible": true,
    "autoswitch": "SILENT",
    "explode": "PLAYER",
    "place": "true",
    "rotations": "true",
    "raytrace": "true",
    "switch": "true",
    "render": "true",
    "antiweakness": "true",
    "whileeating": "true",
    "whilemining": "true",
    "ignorecreative": "true",
    "friendprotect": "true",
    "players": "true",
    "hostiles": "true",
    "passives": "true",
    "neutrals": "true",
    "bosses": "true",
    "placerange": "1.98",
    "breakrange": "5.93",
    "wallrange": "1.16",
    "enemyrange": "12.0",
    "mindamage": "0.0",
    "maxselfdmg": "10.0",
    "lethalhp": "0.0",
    "ignoreticks": "0.0",
    "stophp": "8.59",
    "placedelay": "0.0",
    "breakdelay": "0.0",
    "color": "-351739",
    "rainbow": "true"
  },
  {
    "name": "AutoDisconnect",
    "toggled": false,
    "bind": "NONE",
    "visible": true,
    "health": "true",
    "health amount": "6.0",
    "crystal": "false",
    "crystal range": "6.0",
    "nototem": "false"
  },
  {
    "name": "AutoEXP",
    "toggled": false,
    "bind": "NONE",
    "visible": true,
    "mode": "MACRO",
    "dynamic armor": "false",
    "pauseautoarmor": "false",
    "smart": "true",
    "smart range": "10.0",
    "rotate": "true",
    "durability%": "5.0"
  },
  {
    "name": "AutoEat",
    "toggled": false,
    "bind": "NONE",
    "visible": true,
    "mode": "HUNGER",
    "hunger": "14",
    "health": "14",
    "return": "true",
    "goldenapples": "false",
    "chorus": "false",
    "poisonous": "false"
  },
  {
    "name": "AutoFish",
    "toggled": false,
    "bind": "NONE",
    "visible": true,
    "castdelay": "20.0"
  },
  {
    "name": "AutoIgnore",
    "toggled": false,
    "bind": "NONE",
    "visible": true,
    "ignorehard": "true",
    "whispers": "true",
    "exclusions": "true",
    "ignore level": "60",
    "reset timer": "140"
  },
  {
    "name": "AutoMine",
    "toggled": false,
    "bind": "NONE",
    "visible": true,
    "mode": "CONTINUOUS",
    "switch": "true"
  },
  {
    "name": "AutoMount",
    "toggled": false,
    "bind": "NONE",
    "visible": true,
    "rotate": "true",
    "donkeys": "true",
    "llamas": "true",
    "boats": "true",
    "minecarts": "true",
    "pigs": "true",
    "range": "5.0"
  },
  {
    "name": "AutoNametag",
    "toggled": false,
    "bind": "NONE",
    "visible": true,
    "mode": "ALL",
    "ignorenamed": "true",
    "autoswap": "true",
    "rotate": "true",
    "range": "5.0",
    "delay": "2.0"
  },
  {
    "name": "AutoReconnect",
    "toggled": true,
    "bind": "NONE",
    "visible": true,
    "delay": "5.0",
    "hide": "false",
    "queue": "true"
  },
  {
    "name": "AutoReply",
    "toggled": true,
    "bind": "NONE",
    "visible": true,
    "global chat": "false",
    "friends": "true"
  },
  {
    "name": "AutoRespawn",
    "toggled": false,
    "bind": "NONE",
    "visible": true,
    "deathcoords": "false"
  },
  {
    "name": "AutoSpleef",
    "toggled": false,
    "bind": "NONE",
    "visible": true,
    "mode": "NORMAL",
    "rotate": "true",
    "render": "true",
    "friendprotect": "true",
    "range": "4.5",
    "delay": "0.0",
    "color": "838926335"
  },
  {
    "name": "AutoSurround",
    "toggled": false,
    "bind": "NONE",
    "visible": true,
    "mode": "ACTIVE",
    "swap": "true",
    "rotate": "true",
    "center": "true",
    "render": "false",
    "disableondeath": "true",
    "move delay": "10.0",
    "place delay": "0.5",
    "color": "838926335"
  },
  {
    "name": "AutoTool",
    "toggled": false,
    "bind": "NONE",
    "visible": true,
    "attacking": "true",
    "mining": "true",
    "return": "true"
  },
  {
    "name": "AutoTotem",
    "toggled": false,
    "bind": "NONE",
    "visible": true,
    "mode": "NORMAL",
    "delay": "0.0",
    "soft": "false",
    "inventory": "true",
    "hotbarpriority": "false",
    "health": "8.0"
  },
  {
    "name": "AutoToxic",
    "toggled": true,
    "bind": "NONE",
    "visible": true,
    "delay": "1.0",
    "range": "10.0",
    "private": "false",
    "friends": "true",
    "totem": "true",
    "deaths": "true",
    "logouts": "true"
  },
  {
    "name": "AutoTrap",
    "toggled": false,
    "bind": "NONE",
    "visible": true,
    "mode": "MACRO",
    "traptype": "NORMAL",
    "swap": "true",
    "rotate": "true",
    "render": "true",
    "friendprotect": "true",
    "ignoreself": "true",
    "antistep": "false",
    "enemyrange": "4.0",
    "placerange": "5.0",
    "placedelay": "0.5",
    "movedelay": "10.0",
    "color": "838926335"
  },
  {
    "name": "AutoTunnel",
    "toggled": false,
    "bind": "NONE",
    "visible": true,
    "height": "2",
    "width": "1",
    "range": "4.5",
    "delay": "1.0",
    "whilemoving": "true",
    "rotate": "true",
    "render": "true",
    "autowalk": "false"
  },
  {
    "name": "AutoWalk",
    "toggled": false,
    "bind": "NONE",
    "visible": true
  },
  {
    "name": "AutoWither",
    "toggled": false,
    "bind": "NONE",
    "visible": true,
    "rotate": "true",
    "delay": "50.0"
  },
  {
    "name": "Avoid",
    "toggled": false,
    "bind": "NONE",
    "visible": true,
    "fire": "true",
    "cactus": "true",
    "void": "true"
  },
  {
    "name": "BaseFinder",
    "toggled": false,
    "bind": "NONE",
    "visible": true,
    "travel": "SPIRAL",
    "beds": "true",
    "endportals": "true",
    "shulkers": "5",
    "chests": "10",
    "enderchests": "5",
    "skulls": "1",
    "spawners": "3",
    "hoppers": "3",
    "donkeys": "2",
    "chestrequired": "true",
    "newchunklimit": "10"
  },
  {
    "name": "Blink",
    "toggled": false,
    "bind": "NONE",
    "visible": true
  },
  {
    "name": "BlockOutline",
    "toggled": false,
    "bind": "NONE",
    "visible": true,
    "thickness": "2.38",
    "fill": "true",
    "color": "-16743806",
    "rainbow": "true"
  },
  {
    "name": "BlockTweaks",
    "toggled": false,
    "bind": "NONE",
    "visible": true,
    "abort": "true"
  },
  {
    "name": "BoatFly",
    "toggled": false,
    "bind": "NONE",
    "visible": true,
    "speed": "1.0",
    "vertical": "1.0",
    "glide": "0.0"
  },
  {
    "name": "Borders",
    "toggled": false,
    "bind": "NONE",
    "visible": true,
    "ylevel": "VOID",
    "chunks": "true",
    "mapart": "true",
    "regions": "true",
    "chunkcolor": "-65536",
    "mapartcolor": "-256",
    "regioncolor": "-16776961"
  },
  {
    "name": "BossStack",
    "toggled": false,
    "bind": "NONE",
    "visible": true,
    "mode": "STACK"
  },
  {
    "name": "BowAimbot",
    "toggled": false,
    "bind": "NONE",
    "visible": true,
    "players": "true",
    "animals": "false",
    "neutrals": "false",
    "hostiles": "false",
    "friends": "false",
    "silentaim": "false"
  },
  {
    "name": "BowSpam",
    "toggled": false,
    "bind": "NONE",
    "visible": true,
    "ticks": "3.0",
    "bowbomb": "false"
  },
  {
    "name": "BreadCrumbs",
    "toggled": false,
    "bind": "NONE",
    "visible": true,
    "width": "1.0",
    "limit": "500",
    "color": "-16711681",
    "rainbow": "false"
  },
  {
    "name": "BreakESP",
    "toggled": false,
    "bind": "NONE",
    "visible": true,
    "rendermode": "FILL",
    "color": "335609855",
    "dynamic": "true"
  },
  {
    "name": "CaveFinder",
    "toggled": false,
    "bind": "NONE",
    "visible": true
  },
  {
    "name": "Chams",
    "toggled": false,
    "bind": "NONE",
    "visible": "-65536",
    "mode": "WIREFRAME",
    "players": "true",
    "self": "false",
    "hostiles": "true",
    "passives": "true",
    "neutrals": "true",
    "vehicles": "true",
    "crystals": "true",
    "items": "true",
    "hand": "false",
    "handcolor": "-16776961",
    "hidden": "-16711936",
    "colortexture": "true",
    "fillcolor": "-20561",
    "fillrainbow": "true"
  },
  {
    "name": "ChatAppend",
    "toggled": true,
    "bind": "NONE",
    "visible": true,
    "custom": "false",
    "prefix": "false",
    "suffix": "true",
    "between": "false"
  },
  {
    "name": "ChatColors",
    "toggled": false,
    "bind": "NONE",
    "visible": true
  },
  {
    "name": "ClickGui",
    "toggled": false,
    "bind": "P",
    "visible": false,
    "titlealign": "LEFT",
    "blur": "OFF",
    "blur intensity": "10",
    "customfont": "false",
    "clamp": "false",
    "sound": "true",
    "descriptions": "true",
    "scale": "1.0",
    "color": "-14803201",
    "rainbow": "true",
    "alpha": "255"
  },
  {
    "name": "ClickTP",
    "toggled": false,
    "bind": "NONE",
    "visible": true,
    "range": "6.0",
    "color": "838926335"
  },
  {
    "name": "Console",
    "toggled": false,
    "bind": "GRAVE",
    "visible": true
  },
  {
    "name": "Criticals",
    "toggled": false,
    "bind": "NONE",
    "visible": true,
    "mode": "PACKET"
  },
  {
    "name": "Crosshair",
    "toggled": true,
    "bind": "NONE",
    "visible": true,
    "mode": "CSGO",
    "dynamic": "true",
    "length": "9.09",
    "width": "0.34",
    "gap": "0.0",
    "dynamicgap": "2.5",
    "color": "-12189942",
    "outline": "true"
  },
  {
    "name": "ESP",
    "toggled": false,
    "bind": "NONE",
    "visible": true,
    "mode": "CSGO",
    "players": "false",
    "hostiles": "true",
    "passives": "true",
    "neutrals": "true",
    "vehicles": "true",
    "crystals": "true",
    "spawners": "true",
    "items": "true",
    "others": "true",
    "storages": "true",
    "itemnames": "false",
    "sounds": "false",
    "thickness": "1.0",
    "frustumcheck": "true",
    "csgobox": "true",
    "csgoinfo": "true",
    "csgodynamiccolor": "true",
    "csgoarmor": "ICONS"
  },
  {
    "name": "EXPFast",
    "toggled": false,
    "bind": "NONE",
    "visible": true,
    "delay": "0"
  },
  {
    "name": "ElytraFly",
    "toggled": false,
    "bind": "NONE",
    "visible": true,
    "mode": "CONTROL",
    "instantfly": "TIMER",
    "vertical": "AIM",
    "speed": "1.0",
    "dynamicglide": "true",
    "strict": "true",
    "spoof": "true",
    "usetimer": "true"
  },
  {
    "name": "EntityControl",
    "toggled": false,
    "bind": "NONE",
    "visible": true,
    "control": "true",
    "nopigai": "false",
    "horsejump": "true",
    "jumpheight": "1.0"
  },
  {
    "name": "EntityDesync",
    "toggled": false,
    "bind": "NONE",
    "visible": true
  },
  {
    "name": "EntitySpeed",
    "toggled": false,
    "bind": "NONE",
    "visible": true,
    "speed": "2.0"
  },
  {
    "name": "ExtraChat",
    "toggled": true,
    "bind": "NONE",
    "visible": true,
    "hide": "false",
    "hidebackground": "true",
    "mentionhighlight": "false",
    "mentionsound": "true",
    "nameprotect": "false",
    "maxchatlines": "1000"
  },
  {
    "name": "ExtraChest",
    "toggled": false,
    "bind": "NONE",
    "visible": true,
    "mode": "STEAL",
    "stealmode": "ALL",
    "fillmode": "WHITELIST",
    "delay": "1.0"
  },
  {
    "name": "ExtraCraft",
    "toggled": false,
    "bind": "NONE",
    "visible": true,
    "autocraft": "true",
    "fastcraft": "true",
    "delay": "1.0"
  },
  {
    "name": "ExtraScreenshot",
    "toggled": false,
    "bind": "NONE",
    "visible": true
  },
  {
    "name": "ExtraSign",
    "toggled": false,
    "bind": "NONE",
    "visible": true,
    "coloredsigns": "true",
    "autosign": "false",
    "dateappend": "true",
    "eu date": "false"
  },
  {
    "name": "ExtraTab",
    "toggled": false,
    "bind": "NONE",
    "visible": true,
    "coloredfriends": "true",
    "players": "180"
  },
  {
    "name": "ExtraTooltips",
    "toggled": false,
    "bind": "NONE",
    "visible": true,
    "scale": "0.5"
  },
  {
    "name": "FancyChat",
    "toggled": false,
    "bind": "NONE",
    "visible": true,
    "mode": "CLASSIC"
  },
  {
    "name": "FastBreak",
    "toggled": false,
    "bind": "NONE",
    "visible": true,
    "mode": "NORMAL",
    "speed": "0.3",
    "delay": "0"
  },
  {
    "name": "FastPlace",
    "toggled": false,
    "bind": "NONE",
    "visible": true,
    "delay": "0"
  },
  {
    "name": "Flight",
    "toggled": false,
    "bind": "NONE",
    "visible": true,
    "mode": "NORMAL",
    "speed": "1.0",
    "antikick": "true"
  },
  {
    "name": "ForcePlace",
    "toggled": false,
    "bind": "NONE",
    "visible": true
  },
  {
    "name": "Freecam",
    "toggled": false,
    "bind": "NONE",
    "visible": true,
    "mode": "NEW",
    "speed": "1.0",
    "cancelpackets": "true"
  },
  {
    "name": "Fucker",
    "toggled": false,
    "bind": "NONE",
    "visible": true,
    "rotations": "true",
    "beds": "false",
    "cakes": "false",
    "hoppers": "true",
    "shulkers": "true",
    "signs": "true",
    "lawn": "true",
    "range": "4.0",
    "delay": "100.0",
    "clicktype": "LEFT"
  },
  {
    "name": "FullBright",
    "toggled": false,
    "bind": "NONE",
    "visible": true,
    "mode": "GAMMA"
  },
  {
    "name": "Gamemode",
    "toggled": false,
    "bind": "NONE",
    "visible": false
  },
  {
    "name": "GreenText",
    "toggled": true,
    "bind": "NONE",
    "visible": true
  },
  {
    "name": "Greeter",
    "toggled": false,
    "bind": "DOWN",
    "visible": true,
    "private": "false",
    "joins": "true",
    "leaves": "true",
    "delay": "1.0"
  },
  {
    "name": "HUD",
    "customfont": "false",
    "snapping": "true",
    "clamping": "false",
    "capes": "true",
    "modulenotify": "true",
    "rainbowspeed": "5.0",
    "saturation": "100",
    "brightness": "100",
    "hints": "true",
    "notifications": "CHAT",
    "notificationtype": "true",
    "notificationsound": "true",
    "hudeditor": "51"
  },
  {
    "name": "HitboxIgnore",
    "toggled": false,
    "bind": "NONE",
    "visible": true,
    "swords": "false",
    "pickaxes": "true",
    "rightclick": "true",
    "players": "true",
    "crystals": "true",
    "hostiles": "true",
    "passives": "false",
    "neutrals": "false",
    "vehicles": "false"
  },
  {
    "name": "Hitmarkers",
    "toggled": false,
    "bind": "NONE",
    "visible": true,
    "time": "15",
    "sound": "true",
    "players": "true",
    "hostiles": "true",
    "passives": "true",
    "neutrals": "true",
    "vehicles": "true",
    "crystals": "true",
    "others": "false"
  },
  {
    "name": "HoleESP",
    "toggled": false,
    "bind": "NONE",
    "visible": true,
    "range": "6.0",
    "render": "FLAT",
    "frustumcheck": "true",
    "obsidiancolor": "603914240",
    "bedrockcolor": "587267840"
  },
  {
    "name": "HoleFiller",
    "toggled": false,
    "bind": "NONE",
    "visible": true,
    "range": "5.0",
    "delay": "0.5",
    "rotate": "true",
    "swap": "true",
    "whileidle": "true",
    "trigger": "true",
    "render": "true",
    "color": "838926335"
  },
  {
    "name": "HotbarReplenish",
    "toggled": false,
    "bind": "NONE",
    "visible": true,
    "exp": "true",
    "obsidian": "true",
    "crystals": "true",
    "chorus": "true",
    "pearls": "true",
    "enderchests": "true",
    "whileidle": "false",
    "threshold": "12",
    "delay": "1.0"
  },
  {
    "name": "IceSpeed",
    "toggled": false,
    "bind": "NONE",
    "visible": true
  },
  {
    "name": "Ignite",
    "toggled": false,
    "bind": "NONE",
    "visible": true,
    "reach": "4.0",
    "delay": "5.0",
    "swap": "true",
    "friendprotect": "true",
    "rotations": "true",
    "ignorecreative": "true",
    "players": "true",
    "hostiles": "true",
    "passives": "false",
    "neutrals": "false",
    "teams": "false"
  },
  {
    "name": "InventoryMove",
    "toggled": false,
    "bind": "NONE",
    "visible": true,
    "strict": "false",
    "look": "true",
    "lookspeed": "8.0"
  },
  {
    "name": "Jesus",
    "toggled": false,
    "bind": "NONE",
    "visible": true,
    "mode": "SOLID"
  },
  {
    "name": "LagDetector",
    "toggled": true,
    "bind": "NONE",
    "visible": true,
    "delay": "1.5",
    "render": "true",
    "notification": "false",
    "private": "false"
  },
  {
    "name": "LagReducer",
    "toggled": true,
    "bind": "NONE",
    "visible": true,
    "fpscap": "30"
  },
  {
    "name": "LiquidInteract",
    "toggled": false,
    "bind": "NONE",
    "visible": true
  },
  {
    "name": "true",
    "toggled": false,
    "bind": "NONE",
    "visible": true,
    "mode": "COORDS",
    "render": "true",
    "message": "true",
    "delete": "true",
    "color": "-65536",
    "colortext": "false"
  },
  {
    "name": "MainMenu",
    "custom": "true",
    "shader": "RANDOM",
    "fps": "240"
  },
  {
    "name": "MiddleClick",
    "toggled": false,
    "bind": "NONE",
    "visible": true,
    "friend": "true",
    "friendnotification": "false",
    "pearl": "false",
    "pearldelay": "0.2",
    "entitynbt": "false",
    "blocknbt": "false",
    "range": "50.0"
  },
  {
    "name": "MobOwner",
    "toggled": false,
    "bind": "NONE",
    "visible": true
  },
  {
    "name": "Nametags",
    "toggled": false,
    "bind": "NONE",
    "visible": true,
    "health": "true",
    "gamemode": "true",
    "ping": "true",
    "armor": "true",
    "enchants": "BELOW",
    "simple enchants": "true",
    "durability": "true",
    "item name": "true",
    "spectators": "false",
    "shulker peek": "false",
    "map peek": "false",
    "frustumcheck": "true",
    "customfont": "false",
    "scale": "3.0",
    "color": "1677721600",
    "friendscolor": "1677787135",
    "maxcolor": "-65536",
    "outlinecolor": "-16777216",
    "rainbow": "false"
  },
  {
    "name": "NewChunks",
    "toggled": false,
    "bind": "NONE",
    "visible": true,
    "color": "-65536",
    "distance": "300.0"
  },
  {
    "name": "NoFall",
    "toggled": true,
    "bind": "NONE",
    "visible": true,
    "mode": "ANTI",
    "distance": "10.0"
  },
  {
    "name": "NoForceRotate",
    "toggled": false,
    "bind": "NONE",
    "visible": true,
    "mode": "NORMAL"
  },
  {
    "name": "NoGlitchBlocks",
    "toggled": false,
    "bind": "NONE",
    "visible": true,
    "place": "true",
    "break": "true"
  },
  {
    "name": "NoMineAnimation",
    "toggled": false,
    "bind": "NONE",
    "visible": true
  },
  {
    "name": "NoRender",
    "toggled": false,
    "bind": "NONE",
    "visible": true,
    "hurtcam": "false",
    "fire": "true",
    "armor": "false",
    "overlays": "false",
    "weather": "true",
    "scoreboard": "false",
    "potionoverlay": "true",
    "fog": "false",
    "barriers": "false",
    "items": "false",
    "fireworks": "true",
    "skylight": "true",
    "blindness": "true",
    "totempop": "true",
    "explosions": "false",
    "caveculling": "false",
    "signtext": "false"
  },
  {
    "name": "NoSlow",
    "toggled": false,
    "bind": "NONE",
    "visible": true,
    "items": "true",
    "ice": "true",
    "webs": "true",
    "soulsand": "true",
    "strict": "true"
  },
  {
    "name": "NoSoundLag",
    "toggled": true,
    "bind": "NONE",
    "visible": true
  },
  {
    "name": "NoSwing",
    "toggled": false,
    "bind": "NONE",
    "visible": true
  },
  {
    "name": "Notifications",
    "toggled": true,
    "bind": "NONE",
    "visible": true,
    "queue": "true",
    "ingame": "true",
    "death": "true",
    "disconnect": "true",
    "mention": "true",
    "whisper": "true"
  },
  {
    "name": "Nuker",
    "toggled": false,
    "bind": "NONE",
    "visible": true,
    "mode": "SURVIVAL",
    "break": "NORMAL",
    "priority": "CLOSEST",
    "range": "4.5",
    "delay": "1.0",
    "selective": "true",
    "strict": "true",
    "flatten": "false",
    "rotate": "true",
    "render": "true",
    "color": "520028160"
  },
  {
    "name": "PacketFly",
    "toggled": false,
    "bind": "NONE",
    "visible": true,
    "speed": "2.6",
    "factor": "1",
    "bounds": "NEGATIVE",
    "antikick": "true",
    "phase": "true"
  },
  {
    "name": "PacketLogger",
    "toggled": false,
    "bind": "NONE",
    "visible": true,
    "incoming": "true",
    "outgoing": "true"
  },
  {
    "name": "Phase",
    "toggled": false,
    "bind": "NONE",
    "visible": true,
    "mode": "SAND",
    "speed": "1.0"
  },
  {
    "name": "PingSpoof",
    "toggled": false,
    "bind": "NONE",
    "visible": true,
    "delay": "500"
  },
  {
    "name": "PortalGodMode",
    "toggled": false,
    "bind": "NONE",
    "visible": true
  },
  {
    "name": "PortalGui",
    "toggled": false,
    "bind": "NONE",
    "visible": false
  },
  {
    "name": "PvpInfo",
    "toggled": false,
    "bind": "NONE",
    "visible": true,
    "strengthdetect": "true",
    "pearls": "true",
    "visualrange": "true"
  },
  {
    "name": "RainbowEnchant",
    "toggled": false,
    "bind": "NONE",
    "visible": true,
    "mode": "DYNAMIC",
    "color": "-65536"
  },
  {
    "name": "RangeCircle",
    "toggled": false,
    "bind": "NONE",
    "visible": true,
    "mode": "OUTLINE",
    "radius": "4.5",
    "thickness": "2.0",
    "color": "1677755010",
    "rainbow": "true",
    "rainbowmode": "DYNAMIC"
  },
  {
    "name": "Regear",
    "toggled": false,
    "bind": "LEFT",
    "visible": true,
    "delay": "5.0"
  },
  {
    "name": "RichPresence",
    "toggled": true,
    "bind": "NONE",
    "visible": true,
    "delay": "200",
    "serverip": "true"
  },
  {
    "name": "RotationLock",
    "toggled": false,
    "bind": "NONE",
    "visible": true,
    "yaw": "true",
    "pitch": "false",
    "angles": "8"
  },
  {
    "name": "RusherCrypt",
    "toggled": false,
    "bind": "NONE",
    "visible": true,
    "encrypt": "true",
    "decrypt": "true",
    "chatobfuscation": "true"
  },
  {
    "name": "Safewalk",
    "toggled": false,
    "bind": "NONE",
    "visible": true
  },
  {
    "name": "Scaffold",
    "toggled": false,
    "bind": "N",
    "visible": true,
    "rotate": "true",
    "autoswap": "true",
    "tower": "true",
    "safewalk": "true",
    "render": "true",
    "color": "838926335"
  },
  {
    "name": "Search",
    "toggled": false,
    "bind": "NONE",
    "visible": true,
    "drawbox": "true",
    "box": "SOLID",
    "range": "256.0",
    "tracer": "true",
    "frustumcheck": "true",
    "color": "1677755010"
  },
  {
    "name": "Seeker",
    "toggled": false,
    "bind": "NONE",
    "visible": true,
    "blocks": "true",
    "animals": "true",
    "box": "true",
    "color": "1677755010"
  },
  {
    "name": "SkinBlink",
    "toggled": false,
    "bind": "NONE",
    "visible": true,
    "mode": "ALL",
    "delay": "100.0"
  },
  {
    "name": "SmallShield",
    "toggled": false,
    "bind": "NONE",
    "visible": true,
    "mainhand": "1.0",
    "offhand": "0.7"
  },
  {
    "name": "SourceRemover",
    "toggled": false,
    "bind": "NONE",
    "visible": true,
    "range": "4.0",
    "delay": "1.0",
    "rotate": "true",
    "swap": "true",
    "render": "true",
    "water": "true",
    "lava": "true",
    "color": "838926335"
  },
  {
    "name": "Spammer",
    "toggled": false,
    "bind": "NONE",
    "visible": true,
    "delay": "10.97"
  },
  {
    "name": "Speed",
    "toggled": false,
    "bind": "NONE",
    "visible": true,
    "mode": "STRAFE",
    "timer": "true",
    "autosprint": "false",
    "strict": "false",
    "water": "false"
  },
  {
    "name": "Sprint",
    "toggled": false,
    "bind": "NONE",
    "visible": true,
    "omnidirectional": "false",
    "strict": "true"
  },
  {
    "name": "Step",
    "toggled": false,
    "bind": "NONE",
    "visible": true,
    "upwards": "true",
    "reverse": "false",
    "timer": "false",
    "height": "2.0",
    "entitystep": "true"
  },
  {
    "name": "Timer",
    "toggled": false,
    "bind": "NONE",
    "visible": true,
    "timer speed": "2.0",
    "tps sync": "false"
  },
  {
    "name": "Timestamps",
    "toggled": false,
    "bind": "NONE",
    "visible": true,
    "24hr format": "false",
    "time color": "LIGHT_GRAY",
    "seconds": "true",
    "punctuation": "ARROW",
    "punc color": "DARK_GRAY",
    "am/pm": "true",
    "space": "true"
  },
  {
    "name": "Tracers",
    "toggled": false,
    "bind": "NONE",
    "visible": true,
    "players": "true",
    "hostiles": "true",
    "passives": "true",
    "neutrals": "true",
    "vehicles": "true",
    "crystals": "true",
    "items": "true",
    "spine": "true",
    "thickness": "3.33",
    "target": "FEET"
  },
  {
    "name": "Trajectories",
    "toggled": false,
    "bind": "NONE",
    "visible": true,
    "others": "true",
    "airborne": "true",
    "box": "true",
    "width": "2",
    "color": "-16711681"
  },
  {
    "name": "Translate",
    "toggled": false,
    "bind": "NONE",
    "visible": true,
    "sending": "false",
    "receiving": "true"
  },
  {
    "name": "TriggerBot",
    "toggled": false,
    "bind": "NONE",
    "visible": true,
    "friendprotect": "true",
    "players": "true",
    "hostiles": "true",
    "passives": "false",
    "neutrals": "false",
    "vehicles": "false",
    "invisibles": "false",
    "teams": "false",
    "weaponcheck": "false",
    "attackspeed": "5.0"
  },
  {
    "name": "Velocity",
    "toggled": false,
    "bind": "NONE",
    "visible": true,
    "nopush": "true",
    "water": "true",
    "blocks": "true",
    "horizontal": "0",
    "vertical": "0"
  },
  {
    "name": "ViewClip",
    "toggled": true,
    "bind": "NONE",
    "visible": true,
    "distance": "4.0"
  },
  {
    "name": "WaterSpeed",
    "toggled": false,
    "bind": "NONE",
    "visible": true,
    "speed": "1.18"
  },
  {
    "name": "Waypoints",
    "toggled": false,
    "bind": "NONE",
    "visible": true,
    "mode": "COORDS",
    "nametag": "true",
    "beam": "true",
    "box": "false",
    "tracer": "false",
    "color": "-16711681"
  },
  {
    "name": "XCarry",
    "toggled": false,
    "bind": "NONE",
    "visible": true,
    "cancel": "true"
  },
  {
    "name": "Xray",
    "toggled": false,
    "bind": "M",
    "visible": true
  },
  {
    "name": "Zoom",
    "toggled": false,
    "bind": "NONE",
    "visible": false,
    "usage": "HOLD",
    "zoom": "2.0",
    "smooth": "true",
    "scroll": "true"
  }
]